Nome: PETROLINA
Codigo Estacao: A307
Latitude: -9.38833333
Longitude: -40.52333332
Altitude: 372.72
Situacao: Pane
Data Inicial: 2025-07-22
Data Final: 2025-07-22
Periodicidade da Medicao: Diaria

Data Medicao;PRECIPITACAO TOTAL, DIARIO (AUT)(mm);PRESSAO ATMOSFERICA MEDIA DIARIA (AUT)(mB);TEMPERATURA DO PONTO DE ORVALHO MEDIA DIARIA (AUT)(°C);TEMPERATURA MAXIMA, DIARIA (AUT)(°C);TEMPERATURA MEDIA, DIARIA (AUT)(°C);TEMPERATURA MINIMA, DIARIA (AUT)(°C);UMIDADE RELATIVA DO AR, MEDIA DIARIA (AUT)(%);UMIDADE RELATIVA DO AR, MINIMA DIARIA (AUT)(%);VENTO, RAJADA MAXIMA DIARIA (AUT)(m/s);VENTO, VELOCIDADE MEDIA DIARIA (AUT)(m/s);
2025-07-22;null;null;null;null;null;null;null;null;null;null;null;null;null;null;null;null;null;null;null;null;null;null;null;null;null;null;null;null;null;null;null;null;null;null;null;null;null;null;null;null;null;null;null;null;null;null;null;null;null;null;null;null;null;null;null;null;null;null;null;null;null;null;null;null;null;null;null;null;null;null;

